-- New script in postgres.
-- Date: Sep 22, 2025
-- Time: 4:57:10 AM


--.import --csv --skip 1 stadiums.csv stadiums

insert into foot.stadiums(id,name,city,capacity) VALUES ('1','Lin-Cobb Stadium','Thomashaven','85536');
insert into foot.stadiums(id,name,city,capacity) VALUES ('2','White PLC Stadium','Paulchester','63811');
insert into foot.stadiums(id,name,city,capacity) VALUES ('3','Jordan, Gonzales and Rodriguez Stadium','Aarontown','73715');
insert into foot.stadiums(id,name,city,capacity) VALUES ('4','Hayes, Armstrong and Ross Stadium','Laurenborough','46967');
insert into foot.stadiums(id,name,city,capacity) VALUES ('5','Jones PLC Stadium','Lake Michaela','82512');
insert into foot.stadiums(id,name,city,capacity) VALUES ('6','Williams, Williams and Allen Stadium','North Randybury','47169');
insert into foot.stadiums(id,name,city,capacity) VALUES ('7','Davis, Jones and Anderson Stadium','North Bailey','75614');
insert into foot.stadiums(id,name,city,capacity) VALUES ('8','Boyer PLC Stadium','Alyssamouth','59475');
insert into foot.stadiums(id,name,city,capacity) VALUES ('9','Jackson and Sons Stadium','Harrisonchester','66800');
insert into foot.stadiums(id,name,city,capacity) VALUES ('10','Pham-Mcguire Stadium','East Sabrina','39500');
insert into foot.stadiums(id,name,city,capacity) VALUES ('11','Kidd and Sons Stadium','Lake Amber','92546');
insert into foot.stadiums(id,name,city,capacity) VALUES ('12','Martinez, Dunn and Woodard Stadium','Weissfort','49335');
insert into foot.stadiums(id,name,city,capacity) VALUES ('13','Green-Hughes Stadium','Watsonside','93278');
insert into foot.stadiums(id,name,city,capacity) VALUES ('14','Moore-Watson Stadium','Johnsonbury','41412');
insert into foot.stadiums(id,name,city,capacity) VALUES ('15','Buchanan-Whitaker Stadium','West Brian','42678');
insert into foot.stadiums(id,name,city,capacity) VALUES ('16','Davis-Wright Stadium','Reedton','44354');
insert into foot.stadiums(id,name,city,capacity) VALUES ('17','Mitchell-Keller Stadium','East Johnland','94328');
insert into foot.stadiums(id,name,city,capacity) VALUES ('18','Gonzalez Inc Stadium','Josephfurt','99859');
insert into foot.stadiums(id,name,city,capacity) VALUES ('19','Mills PLC Stadium','West Gregory','88676');
insert into foot.stadiums(id,name,city,capacity) VALUES ('20','Jenkins, Garza and Flores Stadium','Georgeborough','55950');
insert into foot.stadiums(id,name,city,capacity) VALUES ('21','Mitchell, Carter and Graves Stadium','Port Williamfurt','98366');
insert into foot.stadiums(id,name,city,capacity) VALUES ('22','Brooks, Jenkins and Rice Stadium','Snydermouth','98596');
insert into foot.stadiums(id,name,city,capacity) VALUES ('23','Weber-Mooney Stadium','Youngborough','89388');
insert into foot.stadiums(id,name,city,capacity) VALUES ('24','Olson, Gonzales and Haynes Stadium','Franciscoside','55208');
insert into foot.stadiums(id,name,city,capacity) VALUES ('25','Diaz PLC Stadium','Port Kimberlyshire','36424');
insert into foot.stadiums(id,name,city,capacity) VALUES ('26','Macias-Kelly Stadium','Timothyhaven','90443');
insert into foot.stadiums(id,name,city,capacity) VALUES ('27','Boyd, Little and Henderson Stadium','North Nicoleport','39114');
insert into foot.stadiums(id,name,city,capacity) VALUES ('28','Collins-Phillips Stadium','East Christopher','77926');
insert into foot.stadiums(id,name,city,capacity) VALUES ('29','Acosta, Quinn and Brown Stadium','North Anthonyfurt','49662');
insert into foot.stadiums(id,name,city,capacity) VALUES ('30','Lawson, Gomez and Hill Stadium','Port Jasonview','68458');
insert into foot.stadiums(id,name,city,capacity) VALUES ('31','Simpson, Larson and Hernandez Stadium','Maryland','35378');
insert into foot.stadiums(id,name,city,capacity) VALUES ('32','Nichols Group Stadium','Jenniferville','50612');
insert into foot.stadiums(id,name,city,capacity) VALUES ('33','Owens PLC Stadium','Josephmouth','34575');
insert into foot.stadiums(id,name,city,capacity) VALUES ('34','Jones, Allen and Miller Stadium','South Michael','92731');
insert into foot.stadiums(id,name,city,capacity) VALUES ('35','Marquez Ltd Stadium','Johnsonhaven','93740');
insert into foot.stadiums(id,name,city,capacity) VALUES ('36','Hodges PLC Stadium','Lewisburgh','32985');
insert into foot.stadiums(id,name,city,capacity) VALUES ('37','Wang LLC Stadium','Michelefurt','86547');
insert into foot.stadiums(id,name,city,capacity) VALUES ('38','Miller Inc Stadium','East Michaelbury','66132');
insert into foot.stadiums(id,name,city,capacity) VALUES ('39','Carr Group Stadium','South Tiffanybury','52080');
insert into foot.stadiums(id,name,city,capacity) VALUES ('40','Trevino Ltd Stadium','Francesport','36953');
insert into foot.stadiums(id,name,city,capacity) VALUES ('41','Davis-Moore Stadium','South Mark','36410');
insert into foot.stadiums(id,name,city,capacity) VALUES ('42','Hines-Delacruz Stadium','Marcusview','98017');
insert into foot.stadiums(id,name,city,capacity) VALUES ('43','Garcia-Johnson Stadium','Port Barbaratown','96609');
insert into foot.stadiums(id,name,city,capacity) VALUES ('44','Wilson, Garrett and Rivas Stadium','East William','37333');
insert into foot.stadiums(id,name,city,capacity) VALUES ('45','Martinez PLC Stadium','Melissachester','61040');
insert into foot.stadiums(id,name,city,capacity) VALUES ('46','Wong Ltd Stadium','North Connie','99753');
insert into foot.stadiums(id,name,city,capacity) VALUES ('47','Mejia, Miller and Gomez Stadium','East Normanborough','91107');
insert into foot.stadiums(id,name,city,capacity) VALUES ('48','Hernandez Group Stadium','Dakotaside','62609');
insert into foot.stadiums(id,name,city,capacity) VALUES ('49','Williams, Moran and Warner Stadium','Jonathanburgh','96529');
insert into foot.stadiums(id,name,city,capacity) VALUES ('50','Gray-Bass Stadium','North Tabitha','57567');




--.import --csv --skip 1 teams.csv teams
insert into foot.teams(id,name,city,stadium_id) VALUES (1,'FC Barcelona','Barcelona',1);
insert into foot.teams(id,name,city,stadium_id) VALUES (2,'Real Madrid','Madrid',2);
insert into foot.teams(id,name,city,stadium_id) VALUES (3,'Manchester United','Manchester',3);
insert into foot.teams(id,name,city,stadium_id) VALUES (4,'Liverpool','Liverpool',4);
insert into foot.teams(id,name,city,stadium_id) VALUES (5,'Juventus','Turin',5);
insert into foot.teams(id,name,city,stadium_id) VALUES (6,'Bayern Munich','Munich',6);
insert into foot.teams(id,name,city,stadium_id) VALUES (7,'PSG','Paris',7);
insert into foot.teams(id,name,city,stadium_id) VALUES (8,'AC Milan','Milan',8);
insert into foot.teams(id,name,city,stadium_id) VALUES (9,'Inter Milan','Milan',9);
insert into foot.teams(id,name,city,stadium_id) VALUES (10,'Chelsea','London',10);
insert into foot.teams(id,name,city,stadium_id) VALUES (11,'Arsenal','London',11);
insert into foot.teams(id,name,city,stadium_id) VALUES (12,'Manchester City','Manchester',12);
insert into foot.teams(id,name,city,stadium_id) VALUES (13,'Borussia Dortmund','Dortmund',13);
insert into foot.teams(id,name,city,stadium_id) VALUES (14,'Atletico Madrid','Madrid',14);
insert into foot.teams(id,name,city,stadium_id) VALUES (15,'Tottenham','London',15);
insert into foot.teams(id,name,city,stadium_id) VALUES (16,'Napoli','Naples',16);
insert into foot.teams(id,name,city,stadium_id) VALUES (17,'AS Roma','Rome',17);
insert into foot.teams(id,name,city,stadium_id) VALUES (18,'Leicester City','Leicester',18);
insert into foot.teams(id,name,city,stadium_id) VALUES (19,'Sevilla','Seville',19);
insert into foot.teams(id,name,city,stadium_id) VALUES (20,'RB Leipzig','Leipzig',20);
insert into foot.teams(id,name,city,stadium_id) VALUES (21,'Ajax','Amsterdam',21);
insert into foot.teams(id,name,city,stadium_id) VALUES (22,'Porto','Porto',22);
insert into foot.teams(id,name,city,stadium_id) VALUES (23,'Benfica','Lisbon',23);
insert into foot.teams(id,name,city,stadium_id) VALUES (24,'Celtic','Glasgow',24);
insert into foot.teams(id,name,city,stadium_id) VALUES (25,'Rangers','Glasgow',25);
insert into foot.teams(id,name,city,stadium_id) VALUES (26,'Galatasaray','Istanbul',26);
insert into foot.teams(id,name,city,stadium_id) VALUES (27,'Fenerbahce','Istanbul',27);
insert into foot.teams(id,name,city,stadium_id) VALUES (28,'Besiktas','Istanbul',28);
insert into foot.teams(id,name,city,stadium_id) VALUES (29,'Shakhtar Donetsk','Donetsk',29);
insert into foot.teams(id,name,city,stadium_id) VALUES (30,'Dynamo Kyiv','Kyiv',30);
insert into foot.teams(id,name,city,stadium_id) VALUES (31,'Zenit','Saint Petersburg',31);
insert into foot.teams(id,name,city,stadium_id) VALUES (32,'CSKA Moscow','Moscow',32);
insert into foot.teams(id,name,city,stadium_id) VALUES (33,'Spartak Moscow','Moscow',33);
insert into foot.teams(id,name,city,stadium_id) VALUES (34,'Flamengo','Rio de Janeiro',34);
insert into foot.teams(id,name,city,stadium_id) VALUES (35,'River Plate','Buenos Aires',35);
insert into foot.teams(id,name,city,stadium_id) VALUES (36,'Boca Juniors','Buenos Aires',36);
insert into foot.teams(id,name,city,stadium_id) VALUES (37,'Santos','Santos',37);
insert into foot.teams(id,name,city,stadium_id) VALUES (38,'Palmeiras','São Paulo',38);
insert into foot.teams(id,name,city,stadium_id) VALUES (39,'Corinthians','São Paulo',39);
insert into foot.teams(id,name,city,stadium_id) VALUES (40,'Gremio','Porto Alegre',40);
insert into foot.teams(id,name,city,stadium_id) VALUES (41,'Los Angeles FC','Los Angeles',41);
insert into foot.teams(id,name,city,stadium_id) VALUES (42,'New York City FC','New York',42);
insert into foot.teams(id,name,city,stadium_id) VALUES (43,'Atlanta United','Atlanta',43);
insert into foot.teams(id,name,city,stadium_id) VALUES (44,'Seattle Sounders','Seattle',44);
insert into foot.teams(id,name,city,stadium_id) VALUES (45,'Toronto FC','Toronto',45);
insert into foot.teams(id,name,city,stadium_id) VALUES (46,'Tigres UANL','Monterrey',46);
insert into foot.teams(id,name,city,stadium_id) VALUES (47,'Club América','Mexico City',47);
insert into foot.teams(id,name,city,stadium_id) VALUES (48,'Monterrey','Monterrey',48);
insert into foot.teams(id,name,city,stadium_id) VALUES (49,'Al Ahly','Cairo',49);
insert into foot.teams(id,name,city,stadium_id) VALUES (50,'Al Hilal','Riyadh',50);




--.import --csv --skip 1 players.csv players
insert into foot.players(id,name,position,team_id) VALUES (1,'Robert Dean','RW',1);
insert into foot.players(id,name,position,team_id) VALUES (2,'Mrs. Veronica Beard','CF',1);
insert into foot.players(id,name,position,team_id) VALUES (3,'Scott Davis','AM',1);
insert into foot.players(id,name,position,team_id) VALUES (4,'John Parker','SW',1);
insert into foot.players(id,name,position,team_id) VALUES (5,'Elizabeth Chen','LW',1);
insert into foot.players(id,name,position,team_id) VALUES (6,'Christian Martinez','RB',1);
insert into foot.players(id,name,position,team_id) VALUES (7,'Nicholas Hall','LWB',1);
insert into foot.players(id,name,position,team_id) VALUES (8,'Mary Peterson','LW',1);
insert into foot.players(id,name,position,team_id) VALUES (9,'Robert Roberts','SS',1);
insert into foot.players(id,name,position,team_id) VALUES (10,'Mary Gray','GK',1);
insert into foot.players(id,name,position,team_id) VALUES (11,'Ronnie Cooper','DM',1);
insert into foot.players(id,name,position,team_id) VALUES (12,'Amy Dillon','SW',2);
insert into foot.players(id,name,position,team_id) VALUES (13,'David Brown','LW',2);
insert into foot.players(id,name,position,team_id) VALUES (14,'Dawn Wagner','RM',2);
insert into foot.players(id,name,position,team_id) VALUES (15,'Holly Hurley','GK',2);
insert into foot.players(id,name,position,team_id) VALUES (16,'Ronald Williams','AM',2);
insert into foot.players(id,name,position,team_id) VALUES (17,'Susan Washington','LWB',2);
insert into foot.players(id,name,position,team_id) VALUES (18,'Troy Villanueva','SS',2);
insert into foot.players(id,name,position,team_id) VALUES (19,'Amber Young','DM',2);
insert into foot.players(id,name,position,team_id) VALUES (20,'Robert Olson','GK',2);
insert into foot.players(id,name,position,team_id) VALUES (21,'Richard Briggs','LW',2);
insert into foot.players(id,name,position,team_id) VALUES (22,'Michael Brown','RW',2);
insert into foot.players(id,name,position,team_id) VALUES (23,'Sheila Torres','LB',3);
insert into foot.players(id,name,position,team_id) VALUES (24,'John Gilbert','RWB',3);
insert into foot.players(id,name,position,team_id) VALUES (25,'Ashlee Hobbs','CF',3);
insert into foot.players(id,name,position,team_id) VALUES (26,'James Walker','DM',3);
insert into foot.players(id,name,position,team_id) VALUES (27,'Amanda Jimenez','AM',3);
insert into foot.players(id,name,position,team_id) VALUES (28,'Jessica Rich','RM',3);
insert into foot.players(id,name,position,team_id) VALUES (29,'Emma Lee','LM',3);
insert into foot.players(id,name,position,team_id) VALUES (30,'Linda Taylor','DM',3);
insert into foot.players(id,name,position,team_id) VALUES (31,'Candace Coleman','CF',3);
insert into foot.players(id,name,position,team_id) VALUES (32,'Joseph Johnson','DM',3);
insert into foot.players(id,name,position,team_id) VALUES (33,'Matthew Garcia','DM',3);
insert into foot.players(id,name,position,team_id) VALUES (34,'Willie Cooper','RWB',4);
insert into foot.players(id,name,position,team_id) VALUES (35,'Angela Williams','GK',4);
insert into foot.players(id,name,position,team_id) VALUES (36,'Jonathan Oneill','CF',4);
insert into foot.players(id,name,position,team_id) VALUES (37,'Ian White','RW',4);
insert into foot.players(id,name,position,team_id) VALUES (38,'Laura Warren','RWB',4);
insert into foot.players(id,name,position,team_id) VALUES (39,'Samantha Weber','DM',4);
insert into foot.players(id,name,position,team_id) VALUES (40,'Adam Fox','LWB',4);
insert into foot.players(id,name,position,team_id) VALUES (41,'Gary Wagner','AM',4);
insert into foot.players(id,name,position,team_id) VALUES (42,'Patrick Pollard','CB',4);
insert into foot.players(id,name,position,team_id) VALUES (43,'Gloria Gray','LM',4);
insert into foot.players(id,name,position,team_id) VALUES (44,'Gina Franklin','SW',4);
insert into foot.players(id,name,position,team_id) VALUES (45,'Alexandria Taylor','LB',5);
insert into foot.players(id,name,position,team_id) VALUES (46,'Abigail Matthews','LM',5);
insert into foot.players(id,name,position,team_id) VALUES (47,'Jacob Bridges','CB',5);
insert into foot.players(id,name,position,team_id) VALUES (48,'Tara Henry','LW',5);
insert into foot.players(id,name,position,team_id) VALUES (49,'Rebecca Lawson','DM',5);
insert into foot.players(id,name,position,team_id) VALUES (50,'Desiree Smith','CM',5);
insert into foot.players(id,name,position,team_id) VALUES (51,'Thomas Gonzales','LM',5);
insert into foot.players(id,name,position,team_id) VALUES (52,'Kelly Chen','LW',5);
insert into foot.players(id,name,position,team_id) VALUES (53,'Shane Wilson','DM',5);
insert into foot.players(id,name,position,team_id) VALUES (54,'Holly Turner','SW',5);
insert into foot.players(id,name,position,team_id) VALUES (55,'Paula Lee','AM',5);
insert into foot.players(id,name,position,team_id) VALUES (56,'Matthew Davis','SW',6);
insert into foot.players(id,name,position,team_id) VALUES (57,'Linda Lynch','RB',6);
insert into foot.players(id,name,position,team_id) VALUES (58,'Vicki Miller MD','DM',6);
insert into foot.players(id,name,position,team_id) VALUES (59,'Tammy Murphy','SW',6);
insert into foot.players(id,name,position,team_id) VALUES (60,'Michael Arnold','LWB',6);
insert into foot.players(id,name,position,team_id) VALUES (61,'Jill Bennett','CF',6);
insert into foot.players(id,name,position,team_id) VALUES (62,'Shawn Robbins','RWB',6);
insert into foot.players(id,name,position,team_id) VALUES (63,'James Brown','SS',6);
insert into foot.players(id,name,position,team_id) VALUES (64,'Gregory Watson','RW',6);
insert into foot.players(id,name,position,team_id) VALUES (65,'Rebecca Wilson','SS',6);
insert into foot.players(id,name,position,team_id) VALUES (66,'Aaron Thompson','SS',6);
insert into foot.players(id,name,position,team_id) VALUES (67,'Linda Tyler','LM',7);
insert into foot.players(id,name,position,team_id) VALUES (68,'Tina Lynch','RB',7);
insert into foot.players(id,name,position,team_id) VALUES (69,'Matthew Hernandez','RM',7);
insert into foot.players(id,name,position,team_id) VALUES (70,'Victor Martin','SS',7);
insert into foot.players(id,name,position,team_id) VALUES (71,'Robert Williams','GK',7);
insert into foot.players(id,name,position,team_id) VALUES (72,'Sean Barron II','LWB',7);
insert into foot.players(id,name,position,team_id) VALUES (73,'Lisa Moreno','RW',7);
insert into foot.players(id,name,position,team_id) VALUES (74,'Alexander Bennett','GK',7);
insert into foot.players(id,name,position,team_id) VALUES (75,'Evan Mcintyre','RM',7);
insert into foot.players(id,name,position,team_id) VALUES (76,'Kimberly Shelton','RW',7);
insert into foot.players(id,name,position,team_id) VALUES (77,'Carlos Goodman','CM',7);
insert into foot.players(id,name,position,team_id) VALUES (78,'John Richardson','DM',8);
insert into foot.players(id,name,position,team_id) VALUES (79,'Kevin Morgan','RWB',8);
insert into foot.players(id,name,position,team_id) VALUES (80,'Patricia Johnston','RM',8);
insert into foot.players(id,name,position,team_id) VALUES (81,'Nicole Owen','SW',8);
insert into foot.players(id,name,position,team_id) VALUES (82,'Jimmy Bell','SS',8);
insert into foot.players(id,name,position,team_id) VALUES (83,'Mikayla Davis','LW',8);
insert into foot.players(id,name,position,team_id) VALUES (84,'Kristin Mendez','LB',8);
insert into foot.players(id,name,position,team_id) VALUES (85,'Savannah Quinn','AM',8);
insert into foot.players(id,name,position,team_id) VALUES (86,'Mr. Daniel Smith DVM','LW',8);
insert into foot.players(id,name,position,team_id) VALUES (87,'Laura Stone','DM',8);
insert into foot.players(id,name,position,team_id) VALUES (88,'Trevor Rose','AM',8);
insert into foot.players(id,name,position,team_id) VALUES (89,'Emily Thompson','RB',9);
insert into foot.players(id,name,position,team_id) VALUES (90,'Karen Marquez','LWB',9);
insert into foot.players(id,name,position,team_id) VALUES (91,'Matthew Baxter','CB',9);
insert into foot.players(id,name,position,team_id) VALUES (92,'Larry Sherman','AM',9);
insert into foot.players(id,name,position,team_id) VALUES (93,'Mrs. Michelle Bates','RM',9);
insert into foot.players(id,name,position,team_id) VALUES (94,'Kim Gilbert','LM',9);
insert into foot.players(id,name,position,team_id) VALUES (95,'Linda Frazier','SS',9);
insert into foot.players(id,name,position,team_id) VALUES (96,'Gilbert Small','CB',9);
insert into foot.players(id,name,position,team_id) VALUES (97,'Lauren Rangel','DM',9);
insert into foot.players(id,name,position,team_id) VALUES (98,'Heidi Williams','RW',9);
insert into foot.players(id,name,position,team_id) VALUES (99,'Clayton Davis','LM',9);
insert into foot.players(id,name,position,team_id) VALUES (100,'Jennifer Ramirez','CM',10);
insert into foot.players(id,name,position,team_id) VALUES (101,'Katelyn Parker','SW',10);
insert into foot.players(id,name,position,team_id) VALUES (102,'Kim Shah','DM',10);
insert into foot.players(id,name,position,team_id) VALUES (103,'Marc Delgado','DM',10);
insert into foot.players(id,name,position,team_id) VALUES (104,'Eric Torres','LB',10);
insert into foot.players(id,name,position,team_id) VALUES (105,'Erica Robinson','CF',10);
insert into foot.players(id,name,position,team_id) VALUES (106,'Matthew Gentry','GK',10);
insert into foot.players(id,name,position,team_id) VALUES (107,'Karen Bowman','RB',10);
insert into foot.players(id,name,position,team_id) VALUES (108,'Wesley Hall','RB',10);
insert into foot.players(id,name,position,team_id) VALUES (109,'Tammy Lambert','DM',10);
insert into foot.players(id,name,position,team_id) VALUES (110,'Jamie Farley','SS',10);
insert into foot.players(id,name,position,team_id) VALUES (111,'Peter Gregory','DM',11);
insert into foot.players(id,name,position,team_id) VALUES (112,'Shannon Morrison','LM',11);
insert into foot.players(id,name,position,team_id) VALUES (113,'Ashley Rodriguez','RWB',11);
insert into foot.players(id,name,position,team_id) VALUES (114,'Matthew Pacheco','CM',11);
insert into foot.players(id,name,position,team_id) VALUES (115,'Ryan Bennett','AM',11);
insert into foot.players(id,name,position,team_id) VALUES (116,'Jordan Dixon','RB',11);
insert into foot.players(id,name,position,team_id) VALUES (117,'Rodney Smith','SS',11);
insert into foot.players(id,name,position,team_id) VALUES (118,'Aaron Woods','RWB',11);
insert into foot.players(id,name,position,team_id) VALUES (119,'Valerie Underwood','LW',11);
insert into foot.players(id,name,position,team_id) VALUES (120,'Frank Jones','LWB',11);
insert into foot.players(id,name,position,team_id) VALUES (121,'Felicia Anderson','CF',11);
insert into foot.players(id,name,position,team_id) VALUES (122,'Chris Griffin','RB',12);
insert into foot.players(id,name,position,team_id) VALUES (123,'Glenn Holmes','AM',12);
insert into foot.players(id,name,position,team_id) VALUES (124,'Nicole Douglas','LM',12);
insert into foot.players(id,name,position,team_id) VALUES (125,'Andrew Leonard','CF',12);
insert into foot.players(id,name,position,team_id) VALUES (126,'Gregory Moreno','CM',12);
insert into foot.players(id,name,position,team_id) VALUES (127,'Amy Taylor','RM',12);
insert into foot.players(id,name,position,team_id) VALUES (128,'Jessica Gonzales','RM',12);
insert into foot.players(id,name,position,team_id) VALUES (129,'Mary Whitehead','GK',12);
insert into foot.players(id,name,position,team_id) VALUES (130,'Kevin Combs','CM',12);
insert into foot.players(id,name,position,team_id) VALUES (131,'Brad Ramirez','LM',12);
insert into foot.players(id,name,position,team_id) VALUES (132,'Linda Clark','LWB',12);
insert into foot.players(id,name,position,team_id) VALUES (133,'Kathy Stevens','CF',13);
insert into foot.players(id,name,position,team_id) VALUES (134,'James Downs','LB',13);
insert into foot.players(id,name,position,team_id) VALUES (135,'Danny Green','SW',13);
insert into foot.players(id,name,position,team_id) VALUES (136,'Tiffany Henderson','RW',13);
insert into foot.players(id,name,position,team_id) VALUES (137,'John Edwards','SW',13);
insert into foot.players(id,name,position,team_id) VALUES (138,'David Shepard','RB',13);
insert into foot.players(id,name,position,team_id) VALUES (139,'Jennifer Mitchell','CM',13);
insert into foot.players(id,name,position,team_id) VALUES (140,'Angela Moore','CM',13);
insert into foot.players(id,name,position,team_id) VALUES (141,'Ronald Alvarez','RWB',13);
insert into foot.players(id,name,position,team_id) VALUES (142,'Leslie Valenzuela','LM',13);
insert into foot.players(id,name,position,team_id) VALUES (143,'Kelly Terry','SS',13);
insert into foot.players(id,name,position,team_id) VALUES (144,'Jennifer Keith','LM',14);
insert into foot.players(id,name,position,team_id) VALUES (145,'Julie Hart','SW',14);
insert into foot.players(id,name,position,team_id) VALUES (146,'Kylie Lee','CF',14);
insert into foot.players(id,name,position,team_id) VALUES (147,'Steven Brown','LB',14);
insert into foot.players(id,name,position,team_id) VALUES (148,'Molly Bridges','LM',14);
insert into foot.players(id,name,position,team_id) VALUES (149,'Jeffrey Fitzgerald','LWB',14);
insert into foot.players(id,name,position,team_id) VALUES (150,'Andrea Nguyen','SS',14);
insert into foot.players(id,name,position,team_id) VALUES (151,'Ashley Gardner','LWB',14);
insert into foot.players(id,name,position,team_id) VALUES (152,'Daniel Adkins','CF',14);
insert into foot.players(id,name,position,team_id) VALUES (153,'Chloe Holland','RWB',14);
insert into foot.players(id,name,position,team_id) VALUES (154,'Richard Banks','SS',14);
insert into foot.players(id,name,position,team_id) VALUES (155,'Pamela Rodriguez','LB',15);
insert into foot.players(id,name,position,team_id) VALUES (156,'Nicholas Wilson','RM',15);
insert into foot.players(id,name,position,team_id) VALUES (157,'Bailey Burke','CB',15);
insert into foot.players(id,name,position,team_id) VALUES (158,'Karen Espinoza','LWB',15);
insert into foot.players(id,name,position,team_id) VALUES (159,'Michelle Berg','CM',15);
insert into foot.players(id,name,position,team_id) VALUES (160,'Dr. Marie Lopez','SW',15);
insert into foot.players(id,name,position,team_id) VALUES (161,'Karen Rush','LWB',15);
insert into foot.players(id,name,position,team_id) VALUES (162,'Briana Ryan','SW',15);
insert into foot.players(id,name,position,team_id) VALUES (163,'Angela Coleman','LM',15);
insert into foot.players(id,name,position,team_id) VALUES (164,'Elizabeth Fuller','LWB',15);
insert into foot.players(id,name,position,team_id) VALUES (165,'James Brooks','SS',15);
insert into foot.players(id,name,position,team_id) VALUES (166,'Daniel Smith Jr.','CB',16);
insert into foot.players(id,name,position,team_id) VALUES (167,'Robert Smith','CF',16);
insert into foot.players(id,name,position,team_id) VALUES (168,'Christina Stewart','RM',16);
insert into foot.players(id,name,position,team_id) VALUES (169,'Jonathan Parrish','CM',16);
insert into foot.players(id,name,position,team_id) VALUES (170,'Paul Reeves','DM',16);
insert into foot.players(id,name,position,team_id) VALUES (171,'Monica Villanueva','SS',16);
insert into foot.players(id,name,position,team_id) VALUES (172,'Misty Lopez','DM',16);
insert into foot.players(id,name,position,team_id) VALUES (173,'Stephanie Mitchell','LM',16);
insert into foot.players(id,name,position,team_id) VALUES (174,'Daniel Patton','SW',16);
insert into foot.players(id,name,position,team_id) VALUES (175,'Jesse Mahoney','GK',16);
insert into foot.players(id,name,position,team_id) VALUES (176,'William Hensley','LWB',16);
insert into foot.players(id,name,position,team_id) VALUES (177,'Pamela Marsh','RWB',17);
insert into foot.players(id,name,position,team_id) VALUES (178,'Lauren Thomas','LW',17);
insert into foot.players(id,name,position,team_id) VALUES (179,'Rachel May','SW',17);
insert into foot.players(id,name,position,team_id) VALUES (180,'April Lee','CB',17);
insert into foot.players(id,name,position,team_id) VALUES (181,'Linda Wright','LM',17);
insert into foot.players(id,name,position,team_id) VALUES (182,'Samuel Roberts','GK',17);
insert into foot.players(id,name,position,team_id) VALUES (183,'Renee Riggs','LWB',17);
insert into foot.players(id,name,position,team_id) VALUES (184,'Cindy Murray','AM',17);
insert into foot.players(id,name,position,team_id) VALUES (185,'Robert Salazar','CB',17);
insert into foot.players(id,name,position,team_id) VALUES (186,'Megan Fuller','LW',17);
insert into foot.players(id,name,position,team_id) VALUES (187,'Michael Morgan','LB',17);
insert into foot.players(id,name,position,team_id) VALUES (188,'Brandy Hays','GK',18);
insert into foot.players(id,name,position,team_id) VALUES (189,'Jenna Barrera','LW',18);
insert into foot.players(id,name,position,team_id) VALUES (190,'Caleb Byrd','RM',18);
insert into foot.players(id,name,position,team_id) VALUES (191,'Colin Jones','CB',18);
insert into foot.players(id,name,position,team_id) VALUES (192,'Barbara Vincent','LB',18);
insert into foot.players(id,name,position,team_id) VALUES (193,'Wesley Parrish','RB',18);
insert into foot.players(id,name,position,team_id) VALUES (194,'Anna Wagner','CF',18);
insert into foot.players(id,name,position,team_id) VALUES (195,'Jennifer Osborn','LW',18);
insert into foot.players(id,name,position,team_id) VALUES (196,'Marco Hicks','AM',18);
insert into foot.players(id,name,position,team_id) VALUES (197,'Amber Wilson','SS',18);
insert into foot.players(id,name,position,team_id) VALUES (198,'Aimee Ellis','RM',18);
insert into foot.players(id,name,position,team_id) VALUES (199,'Kyle Collins','RM',19);
insert into foot.players(id,name,position,team_id) VALUES (200,'Amber Collier','CF',19);
insert into foot.players(id,name,position,team_id) VALUES (201,'Mallory Odom','GK',19);
insert into foot.players(id,name,position,team_id) VALUES (202,'Caroline Boyd','SS',19);
insert into foot.players(id,name,position,team_id) VALUES (203,'Susan Osborn','CB',19);
insert into foot.players(id,name,position,team_id) VALUES (204,'Shane Sharp','SS',19);
insert into foot.players(id,name,position,team_id) VALUES (205,'Jennifer Wilcox','RW',19);
insert into foot.players(id,name,position,team_id) VALUES (206,'Jamie Elliott','SW',19);
insert into foot.players(id,name,position,team_id) VALUES (207,'Vanessa Castro','LB',19);
insert into foot.players(id,name,position,team_id) VALUES (208,'Brandon Key','CB',19);
insert into foot.players(id,name,position,team_id) VALUES (209,'Stephen Huerta','CM',19);
insert into foot.players(id,name,position,team_id) VALUES (210,'Glen Briggs','GK',20);
insert into foot.players(id,name,position,team_id) VALUES (211,'Daniel Evans','SS',20);
insert into foot.players(id,name,position,team_id) VALUES (212,'Barbara Brown','LM',20);
insert into foot.players(id,name,position,team_id) VALUES (213,'Patricia Allen','LW',20);
insert into foot.players(id,name,position,team_id) VALUES (214,'William Hall','LW',20);
insert into foot.players(id,name,position,team_id) VALUES (215,'Crystal Leach','CF',20);
insert into foot.players(id,name,position,team_id) VALUES (216,'Stephen Reyes','GK',20);
insert into foot.players(id,name,position,team_id) VALUES (217,'Todd Perkins','LW',20);
insert into foot.players(id,name,position,team_id) VALUES (218,'Patricia Allen','RB',20);
insert into foot.players(id,name,position,team_id) VALUES (219,'Michael Hansen','AM',20);
insert into foot.players(id,name,position,team_id) VALUES (220,'Garrett Swanson','GK',20);
insert into foot.players(id,name,position,team_id) VALUES (221,'Sonya Lee','RB',21);
insert into foot.players(id,name,position,team_id) VALUES (222,'Amanda Rodriguez','CF',21);
insert into foot.players(id,name,position,team_id) VALUES (223,'Tanner Henderson','RW',21);
insert into foot.players(id,name,position,team_id) VALUES (224,'Dr. Jessica Heath','RM',21);
insert into foot.players(id,name,position,team_id) VALUES (225,'Abigail Hanson','RB',21);
insert into foot.players(id,name,position,team_id) VALUES (226,'Stephen Oliver','RM',21);
insert into foot.players(id,name,position,team_id) VALUES (227,'Tyler Young','RM',21);
insert into foot.players(id,name,position,team_id) VALUES (228,'Mackenzie Wyatt','RW',21);
insert into foot.players(id,name,position,team_id) VALUES (229,'Steven Garcia','LM',21);
insert into foot.players(id,name,position,team_id) VALUES (230,'Daniel Bryant','CF',21);
insert into foot.players(id,name,position,team_id) VALUES (231,'Melanie Gibson','RM',21);
insert into foot.players(id,name,position,team_id) VALUES (232,'David Simpson','LB',22);
insert into foot.players(id,name,position,team_id) VALUES (233,'Kelly Brown','RW',22);
insert into foot.players(id,name,position,team_id) VALUES (234,'Andrew Freeman','DM',22);
insert into foot.players(id,name,position,team_id) VALUES (235,'Nicole Miranda','SS',22);
insert into foot.players(id,name,position,team_id) VALUES (236,'Joyce Parker','LW',22);
insert into foot.players(id,name,position,team_id) VALUES (237,'Matthew Smith','CM',22);
insert into foot.players(id,name,position,team_id) VALUES (238,'Bryan Davis','LW',22);
insert into foot.players(id,name,position,team_id) VALUES (239,'Kathy Ryan','LW',22);
insert into foot.players(id,name,position,team_id) VALUES (240,'Jesse Austin','LW',22);
insert into foot.players(id,name,position,team_id) VALUES (241,'Kathryn Richardson','GK',22);
insert into foot.players(id,name,position,team_id) VALUES (242,'Anthony Rodriguez','DM',22);
insert into foot.players(id,name,position,team_id) VALUES (243,'Brandon Jones','CM',23);
insert into foot.players(id,name,position,team_id) VALUES (244,'Mary Herring','CM',23);
insert into foot.players(id,name,position,team_id) VALUES (245,'Zachary Peters','RB',23);
insert into foot.players(id,name,position,team_id) VALUES (246,'Nicholas White','SS',23);
insert into foot.players(id,name,position,team_id) VALUES (247,'Evelyn Bates','CB',23);
insert into foot.players(id,name,position,team_id) VALUES (248,'Cole Johnson','CM',23);
insert into foot.players(id,name,position,team_id) VALUES (249,'Laura Wilson','LW',23);
insert into foot.players(id,name,position,team_id) VALUES (250,'Cheryl Alvarez','LM',23);
insert into foot.players(id,name,position,team_id) VALUES (251,'Thomas Baxter','LM',23);
insert into foot.players(id,name,position,team_id) VALUES (252,'David Moore','DM',23);
insert into foot.players(id,name,position,team_id) VALUES (253,'Carlos Cruz','RW',23);
insert into foot.players(id,name,position,team_id) VALUES (254,'Sophia Vargas','RB',24);
insert into foot.players(id,name,position,team_id) VALUES (255,'Andrew Clark','DM',24);
insert into foot.players(id,name,position,team_id) VALUES (256,'Ronald Anderson','CM',24);
insert into foot.players(id,name,position,team_id) VALUES (257,'Joel Cowan','SW',24);
insert into foot.players(id,name,position,team_id) VALUES (258,'Kellie Williams','DM',24);
insert into foot.players(id,name,position,team_id) VALUES (259,'Chad Sherman','SW',24);
insert into foot.players(id,name,position,team_id) VALUES (260,'Sean Moran','CF',24);
insert into foot.players(id,name,position,team_id) VALUES (261,'Ryan Holloway','GK',24);
insert into foot.players(id,name,position,team_id) VALUES (262,'David Barrett','LW',24);
insert into foot.players(id,name,position,team_id) VALUES (263,'Frank Bell','DM',24);
insert into foot.players(id,name,position,team_id) VALUES (264,'Christina Davis','RB',24);
insert into foot.players(id,name,position,team_id) VALUES (265,'Martha Washington','DM',25);
insert into foot.players(id,name,position,team_id) VALUES (266,'Ashley Lewis','RB',25);
insert into foot.players(id,name,position,team_id) VALUES (267,'Alexa Blanchard','DM',25);
insert into foot.players(id,name,position,team_id) VALUES (268,'David Miller','AM',25);
insert into foot.players(id,name,position,team_id) VALUES (269,'Zachary Baker','RB',25);
insert into foot.players(id,name,position,team_id) VALUES (270,'Andrew Brock','LB',25);
insert into foot.players(id,name,position,team_id) VALUES (271,'Hunter Galloway','RWB',25);
insert into foot.players(id,name,position,team_id) VALUES (272,'Kim Deleon','SS',25);
insert into foot.players(id,name,position,team_id) VALUES (273,'Steven Guerra','DM',25);
insert into foot.players(id,name,position,team_id) VALUES (274,'Diana Weaver','GK',25);
insert into foot.players(id,name,position,team_id) VALUES (275,'Anita Bryant','GK',25);
insert into foot.players(id,name,position,team_id) VALUES (276,'Joshua Robinson','CM',26);
insert into foot.players(id,name,position,team_id) VALUES (277,'Christopher Day','RB',26);
insert into foot.players(id,name,position,team_id) VALUES (278,'Sarah Sanchez','RWB',26);
insert into foot.players(id,name,position,team_id) VALUES (279,'Marvin Perry','LW',26);
insert into foot.players(id,name,position,team_id) VALUES (280,'Aimee Martinez','LW',26);
insert into foot.players(id,name,position,team_id) VALUES (281,'Tony Madden','CF',26);
insert into foot.players(id,name,position,team_id) VALUES (282,'Xavier Hodges','RB',26);
insert into foot.players(id,name,position,team_id) VALUES (283,'Shannon Lowery','CB',26);
insert into foot.players(id,name,position,team_id) VALUES (284,'Mr. Brian Mcdonald','CF',26);
insert into foot.players(id,name,position,team_id) VALUES (285,'Julie Ramirez','AM',26);
insert into foot.players(id,name,position,team_id) VALUES (286,'Gregory Sanchez','RW',26);
insert into foot.players(id,name,position,team_id) VALUES (287,'Mr. Lee Sandoval','AM',27);
insert into foot.players(id,name,position,team_id) VALUES (288,'Michael Morales','CB',27);
insert into foot.players(id,name,position,team_id) VALUES (289,'Ann Mason','LW',27);
insert into foot.players(id,name,position,team_id) VALUES (290,'Ashley Martinez','RB',27);
insert into foot.players(id,name,position,team_id) VALUES (291,'Mrs. Patty Wilcox','CM',27);
insert into foot.players(id,name,position,team_id) VALUES (292,'Emily Mitchell','LM',27);
insert into foot.players(id,name,position,team_id) VALUES (293,'Sara Berger','LM',27);
insert into foot.players(id,name,position,team_id) VALUES (294,'William Davis','CF',27);
insert into foot.players(id,name,position,team_id) VALUES (295,'Sarah Barton','LW',27);
insert into foot.players(id,name,position,team_id) VALUES (296,'John Wiggins','LWB',27);
insert into foot.players(id,name,position,team_id) VALUES (297,'Denise Townsend','CB',27);
insert into foot.players(id,name,position,team_id) VALUES (298,'Paul Valencia','CF',28);
insert into foot.players(id,name,position,team_id) VALUES (299,'Hector Ryan','RW',28);
insert into foot.players(id,name,position,team_id) VALUES (300,'Dr. Brittany Clark','CF',28);
insert into foot.players(id,name,position,team_id) VALUES (301,'Kevin Robles','AM',28);
insert into foot.players(id,name,position,team_id) VALUES (302,'William Gray','SW',28);
insert into foot.players(id,name,position,team_id) VALUES (303,'Matthew Tyler','RWB',28);
insert into foot.players(id,name,position,team_id) VALUES (304,'Claudia Strickland','LB',28);
insert into foot.players(id,name,position,team_id) VALUES (305,'Leslie Shepherd','DM',28);
insert into foot.players(id,name,position,team_id) VALUES (306,'Jeffrey Martin','DM',28);
insert into foot.players(id,name,position,team_id) VALUES (307,'George Miller','LW',28);
insert into foot.players(id,name,position,team_id) VALUES (308,'Charles Stafford','CB',28);
insert into foot.players(id,name,position,team_id) VALUES (309,'Veronica Rios','GK',29);
insert into foot.players(id,name,position,team_id) VALUES (310,'Patricia Zimmerman','RM',29);
insert into foot.players(id,name,position,team_id) VALUES (311,'Tina Rich','RW',29);
insert into foot.players(id,name,position,team_id) VALUES (312,'Amy Valdez','LB',29);
insert into foot.players(id,name,position,team_id) VALUES (313,'Gregory Garcia','DM',29);
insert into foot.players(id,name,position,team_id) VALUES (314,'Antonio Alexander','LW',29);
insert into foot.players(id,name,position,team_id) VALUES (315,'Jessica Rodriguez','LM',29);
insert into foot.players(id,name,position,team_id) VALUES (316,'Thomas Vasquez','LW',29);
insert into foot.players(id,name,position,team_id) VALUES (317,'John Williams','LWB',29);
insert into foot.players(id,name,position,team_id) VALUES (318,'Scott Michael','RB',29);
insert into foot.players(id,name,position,team_id) VALUES (319,'Christopher Ortiz','LB',29);
insert into foot.players(id,name,position,team_id) VALUES (320,'Angela Brown','LWB',30);
insert into foot.players(id,name,position,team_id) VALUES (321,'Christina Bullock','AM',30);
insert into foot.players(id,name,position,team_id) VALUES (322,'Catherine Lang','LB',30);
insert into foot.players(id,name,position,team_id) VALUES (323,'Cheryl Weaver','LM',30);
insert into foot.players(id,name,position,team_id) VALUES (324,'Cheryl Garcia','CB',30);
insert into foot.players(id,name,position,team_id) VALUES (325,'Vanessa Leblanc','RB',30);
insert into foot.players(id,name,position,team_id) VALUES (326,'Jeffrey Ramos','LB',30);
insert into foot.players(id,name,position,team_id) VALUES (327,'Susan Peterson','SW',30);
insert into foot.players(id,name,position,team_id) VALUES (328,'Melanie Hardy','SW',30);
insert into foot.players(id,name,position,team_id) VALUES (329,'Erik Griffith','AM',30);
insert into foot.players(id,name,position,team_id) VALUES (330,'Amber Farley','AM',30);
insert into foot.players(id,name,position,team_id) VALUES (331,'Tracy Singh','DM',31);
insert into foot.players(id,name,position,team_id) VALUES (332,'Brett Huang','LB',31);
insert into foot.players(id,name,position,team_id) VALUES (333,'Antonio Thomas','RB',31);
insert into foot.players(id,name,position,team_id) VALUES (334,'Zachary Allen','LM',31);
insert into foot.players(id,name,position,team_id) VALUES (335,'Benjamin Webster','RWB',31);
insert into foot.players(id,name,position,team_id) VALUES (336,'Cathy Rogers','RM',31);
insert into foot.players(id,name,position,team_id) VALUES (337,'Francis Logan','GK',31);
insert into foot.players(id,name,position,team_id) VALUES (338,'Michael Jones','DM',31);
insert into foot.players(id,name,position,team_id) VALUES (339,'Katherine Pratt','RWB',31);
insert into foot.players(id,name,position,team_id) VALUES (340,'James Davidson','SW',31);
insert into foot.players(id,name,position,team_id) VALUES (341,'Danielle Jones','SW',31);
insert into foot.players(id,name,position,team_id) VALUES (342,'Michelle Gordon','CF',32);
insert into foot.players(id,name,position,team_id) VALUES (343,'Roy Carpenter','CB',32);
insert into foot.players(id,name,position,team_id) VALUES (344,'Gary Frey','SS',32);
insert into foot.players(id,name,position,team_id) VALUES (345,'Matthew Smith','AM',32);
insert into foot.players(id,name,position,team_id) VALUES (346,'Richard Sawyer','RM',32);
insert into foot.players(id,name,position,team_id) VALUES (347,'Daniel Walls','RB',32);
insert into foot.players(id,name,position,team_id) VALUES (348,'Emily Wilson','LB',32);
insert into foot.players(id,name,position,team_id) VALUES (349,'Lindsay Gamble','LW',32);
insert into foot.players(id,name,position,team_id) VALUES (350,'Lisa Peterson','DM',32);
insert into foot.players(id,name,position,team_id) VALUES (351,'Michael Roberts','DM',32);
insert into foot.players(id,name,position,team_id) VALUES (352,'Ronnie Coleman','RW',32);
insert into foot.players(id,name,position,team_id) VALUES (353,'Kristina Lopez','SS',33);
insert into foot.players(id,name,position,team_id) VALUES (354,'Sean Wallace','LW',33);
insert into foot.players(id,name,position,team_id) VALUES (355,'Laura Elliott','LWB',33);
insert into foot.players(id,name,position,team_id) VALUES (356,'Lori Ellis','LW',33);
insert into foot.players(id,name,position,team_id) VALUES (357,'Andrew Wright','DM',33);
insert into foot.players(id,name,position,team_id) VALUES (358,'Jenny Green','DM',33);
insert into foot.players(id,name,position,team_id) VALUES (359,'Donna Lee','SW',33);
insert into foot.players(id,name,position,team_id) VALUES (360,'Jonathan Wright','CM',33);
insert into foot.players(id,name,position,team_id) VALUES (361,'Andrea Moore','SS',33);
insert into foot.players(id,name,position,team_id) VALUES (362,'Sean Carter','CF',33);
insert into foot.players(id,name,position,team_id) VALUES (363,'Alejandro Hernandez','AM',33);
insert into foot.players(id,name,position,team_id) VALUES (364,'Jeffrey Matthews','SS',34);
insert into foot.players(id,name,position,team_id) VALUES (365,'Mrs. Deborah Jacobs','AM',34);
insert into foot.players(id,name,position,team_id) VALUES (366,'Joseph Gordon','SW',34);
insert into foot.players(id,name,position,team_id) VALUES (367,'Christine Watson','LB',34);
insert into foot.players(id,name,position,team_id) VALUES (368,'Jacqueline Willis','CF',34);
insert into foot.players(id,name,position,team_id) VALUES (369,'Ryan Petersen DVM','AM',34);
insert into foot.players(id,name,position,team_id) VALUES (370,'David Forbes','SS',34);
insert into foot.players(id,name,position,team_id) VALUES (371,'Danielle Hawkins','SW',34);
insert into foot.players(id,name,position,team_id) VALUES (372,'Jesse Kerr','AM',34);
insert into foot.players(id,name,position,team_id) VALUES (373,'Jennifer Zavala','DM',34);
insert into foot.players(id,name,position,team_id) VALUES (374,'Matthew Garcia','DM',34);
insert into foot.players(id,name,position,team_id) VALUES (375,'Timothy Morales','SS',35);
insert into foot.players(id,name,position,team_id) VALUES (376,'Lacey Robinson','LW',35);
insert into foot.players(id,name,position,team_id) VALUES (377,'Robyn Case','RM',35);
insert into foot.players(id,name,position,team_id) VALUES (378,'Joseph Flowers','LWB',35);
insert into foot.players(id,name,position,team_id) VALUES (379,'Kathryn Jordan','LW',35);
insert into foot.players(id,name,position,team_id) VALUES (380,'William Reed','SS',35);
insert into foot.players(id,name,position,team_id) VALUES (381,'Leah Schneider','RM',35);
insert into foot.players(id,name,position,team_id) VALUES (382,'Brenda Young','SS',35);
insert into foot.players(id,name,position,team_id) VALUES (383,'Victoria Keith','CM',35);
insert into foot.players(id,name,position,team_id) VALUES (384,'William King','SS',35);
insert into foot.players(id,name,position,team_id) VALUES (385,'Henry Young','CF',35);
insert into foot.players(id,name,position,team_id) VALUES (386,'Kayla Shaffer','LM',36);
insert into foot.players(id,name,position,team_id) VALUES (387,'Daniel Miller','CB',36);
insert into foot.players(id,name,position,team_id) VALUES (388,'Briana Lloyd','SS',36);
insert into foot.players(id,name,position,team_id) VALUES (389,'Mark Baker','LM',36);
insert into foot.players(id,name,position,team_id) VALUES (390,'Kayla Hart','AM',36);
insert into foot.players(id,name,position,team_id) VALUES (391,'Carlos Spears','AM',36);
insert into foot.players(id,name,position,team_id) VALUES (392,'Kevin Friedman','RW',36);
insert into foot.players(id,name,position,team_id) VALUES (393,'Craig Lara','LM',36);
insert into foot.players(id,name,position,team_id) VALUES (394,'Vernon Campbell','RB',36);
insert into foot.players(id,name,position,team_id) VALUES (395,'Mark Padilla','AM',36);
insert into foot.players(id,name,position,team_id) VALUES (396,'Sonia Evans','LW',36);
insert into foot.players(id,name,position,team_id) VALUES (397,'Jeremiah Edwards','RW',37);
insert into foot.players(id,name,position,team_id) VALUES (398,'Logan Romero','CM',37);
insert into foot.players(id,name,position,team_id) VALUES (399,'Victoria Martin','RW',37);
insert into foot.players(id,name,position,team_id) VALUES (400,'George Martin','RB',37);
insert into foot.players(id,name,position,team_id) VALUES (401,'Sherry Baldwin','SS',37);
insert into foot.players(id,name,position,team_id) VALUES (402,'Nicholas Le','CM',37);
insert into foot.players(id,name,position,team_id) VALUES (403,'Michael Lewis','AM',37);
insert into foot.players(id,name,position,team_id) VALUES (404,'Rachel Pruitt','RWB',37);
insert into foot.players(id,name,position,team_id) VALUES (405,'Lisa Clark','CF',37);
insert into foot.players(id,name,position,team_id) VALUES (406,'Janet Hall','LW',37);
insert into foot.players(id,name,position,team_id) VALUES (407,'Zachary Chandler','CF',37);
insert into foot.players(id,name,position,team_id) VALUES (408,'Larry Smith','GK',38);
insert into foot.players(id,name,position,team_id) VALUES (409,'Kaitlyn Wilson','LM',38);
insert into foot.players(id,name,position,team_id) VALUES (410,'Dana Dawson','SW',38);
insert into foot.players(id,name,position,team_id) VALUES (411,'Sarah Lewis','CM',38);
insert into foot.players(id,name,position,team_id) VALUES (412,'James Martin','LWB',38);
insert into foot.players(id,name,position,team_id) VALUES (413,'Dr. Brittany Vazquez','GK',38);
insert into foot.players(id,name,position,team_id) VALUES (414,'Tiffany Olsen','GK',38);
insert into foot.players(id,name,position,team_id) VALUES (415,'Cheryl Ferguson','RB',38);
insert into foot.players(id,name,position,team_id) VALUES (416,'Darlene Johnson','RM',38);
insert into foot.players(id,name,position,team_id) VALUES (417,'Jacob Hess','CB',38);
insert into foot.players(id,name,position,team_id) VALUES (418,'Caroline Miller DDS','RWB',38);
insert into foot.players(id,name,position,team_id) VALUES (419,'Keith Baker','SS',39);
insert into foot.players(id,name,position,team_id) VALUES (420,'Kathy Brown','RWB',39);
insert into foot.players(id,name,position,team_id) VALUES (421,'Sarah Archer','LB',39);
insert into foot.players(id,name,position,team_id) VALUES (422,'Jennifer Munoz','CM',39);
insert into foot.players(id,name,position,team_id) VALUES (423,'John Anderson','DM',39);
insert into foot.players(id,name,position,team_id) VALUES (424,'Kathryn Rose','LB',39);
insert into foot.players(id,name,position,team_id) VALUES (425,'Sarah Ayala','SS',39);
insert into foot.players(id,name,position,team_id) VALUES (426,'Micheal Mckinney','CF',39);
insert into foot.players(id,name,position,team_id) VALUES (427,'Matthew Huffman','AM',39);
insert into foot.players(id,name,position,team_id) VALUES (428,'Tanner Brown','GK',39);
insert into foot.players(id,name,position,team_id) VALUES (429,'Mark Collins','RB',39);
insert into foot.players(id,name,position,team_id) VALUES (430,'Andrew Gonzales','GK',40);
insert into foot.players(id,name,position,team_id) VALUES (431,'Megan Johnson DVM','CM',40);
insert into foot.players(id,name,position,team_id) VALUES (432,'Brian Ochoa','DM',40);
insert into foot.players(id,name,position,team_id) VALUES (433,'Rachael Hughes','RM',40);
insert into foot.players(id,name,position,team_id) VALUES (434,'Donald Estes','RM',40);
insert into foot.players(id,name,position,team_id) VALUES (435,'Andrea Jones','RWB',40);
insert into foot.players(id,name,position,team_id) VALUES (436,'Michelle Hardy','CM',40);
insert into foot.players(id,name,position,team_id) VALUES (437,'Teresa Gonzales','CM',40);
insert into foot.players(id,name,position,team_id) VALUES (438,'Autumn Jenkins','GK',40);
insert into foot.players(id,name,position,team_id) VALUES (439,'Daniel Nelson','RWB',40);
insert into foot.players(id,name,position,team_id) VALUES (440,'Kathy Rodriguez','LW',40);
insert into foot.players(id,name,position,team_id) VALUES (441,'Casey Wilson','CM',41);
insert into foot.players(id,name,position,team_id) VALUES (442,'Madison Bell','RWB',41);
insert into foot.players(id,name,position,team_id) VALUES (443,'Daniel Shaw','SS',41);
insert into foot.players(id,name,position,team_id) VALUES (444,'Lisa Morales','SW',41);
insert into foot.players(id,name,position,team_id) VALUES (445,'Robert Kim','SS',41);
insert into foot.players(id,name,position,team_id) VALUES (446,'Blake Fuller Jr.','AM',41);
insert into foot.players(id,name,position,team_id) VALUES (447,'Nathan Obrien','SW',41);
insert into foot.players(id,name,position,team_id) VALUES (448,'Emily Wilson','LW',41);
insert into foot.players(id,name,position,team_id) VALUES (449,'Jenna Lopez','GK',41);
insert into foot.players(id,name,position,team_id) VALUES (450,'Kathryn Foster','LW',41);
insert into foot.players(id,name,position,team_id) VALUES (451,'Kathleen Perkins','LB',41);
insert into foot.players(id,name,position,team_id) VALUES (452,'Timothy Collins','LB',42);
insert into foot.players(id,name,position,team_id) VALUES (453,'Ian Morrow','GK',42);
insert into foot.players(id,name,position,team_id) VALUES (454,'Justin Glenn','LW',42);
insert into foot.players(id,name,position,team_id) VALUES (455,'Tara Chapman','RB',42);
insert into foot.players(id,name,position,team_id) VALUES (456,'Tracy Fletcher','RB',42);
insert into foot.players(id,name,position,team_id) VALUES (457,'Brooke Collins','LM',42);
insert into foot.players(id,name,position,team_id) VALUES (458,'Craig Martinez','RWB',42);
insert into foot.players(id,name,position,team_id) VALUES (459,'Justin Jennings','CF',42);
insert into foot.players(id,name,position,team_id) VALUES (460,'Rachel Collins','RWB',42);
insert into foot.players(id,name,position,team_id) VALUES (461,'Cory Pena','LM',42);
insert into foot.players(id,name,position,team_id) VALUES (462,'Timothy Daugherty','CB',42);
insert into foot.players(id,name,position,team_id) VALUES (463,'Leslie Lara','RB',43);
insert into foot.players(id,name,position,team_id) VALUES (464,'Lauren Cole','RWB',43);
insert into foot.players(id,name,position,team_id) VALUES (465,'Dr. Deborah Mckenzie DDS','CB',43);
insert into foot.players(id,name,position,team_id) VALUES (466,'Patrick Simon','SS',43);
insert into foot.players(id,name,position,team_id) VALUES (467,'Matthew Brooks','AM',43);
insert into foot.players(id,name,position,team_id) VALUES (468,'Ronald Wright','CF',43);
insert into foot.players(id,name,position,team_id) VALUES (469,'Sarah Thomas','RB',43);
insert into foot.players(id,name,position,team_id) VALUES (470,'Jennifer Reed','GK',43);
insert into foot.players(id,name,position,team_id) VALUES (471,'Michelle Cabrera','CF',43);
insert into foot.players(id,name,position,team_id) VALUES (472,'Jessica Yoder','SW',43);
insert into foot.players(id,name,position,team_id) VALUES (473,'Regina Pitts','SS',43);
insert into foot.players(id,name,position,team_id) VALUES (474,'Allen Shelton','RWB',44);
insert into foot.players(id,name,position,team_id) VALUES (475,'Lynn Washington','LM',44);
insert into foot.players(id,name,position,team_id) VALUES (476,'Briana Wall','CB',44);
insert into foot.players(id,name,position,team_id) VALUES (477,'Jennifer Lynn','RWB',44);
insert into foot.players(id,name,position,team_id) VALUES (478,'Michelle Bailey','CM',44);
insert into foot.players(id,name,position,team_id) VALUES (479,'Melissa Perez','CB',44);
insert into foot.players(id,name,position,team_id) VALUES (480,'Richard Harper','LM',44);
insert into foot.players(id,name,position,team_id) VALUES (481,'Jill Campbell','AM',44);
insert into foot.players(id,name,position,team_id) VALUES (482,'Andrew Nielsen','RM',44);
insert into foot.players(id,name,position,team_id) VALUES (483,'Kathleen Carter','RW',44);
insert into foot.players(id,name,position,team_id) VALUES (484,'Mary Johnson','RWB',44);
insert into foot.players(id,name,position,team_id) VALUES (485,'Stacy Brown','DM',45);
insert into foot.players(id,name,position,team_id) VALUES (486,'Jeffrey Goodwin','SS',45);
insert into foot.players(id,name,position,team_id) VALUES (487,'Brittany Mcgee DVM','LM',45);
insert into foot.players(id,name,position,team_id) VALUES (488,'David Black','CB',45);
insert into foot.players(id,name,position,team_id) VALUES (489,'Valerie Williams','CF',45);
insert into foot.players(id,name,position,team_id) VALUES (490,'Travis Randall','AM',45);
insert into foot.players(id,name,position,team_id) VALUES (491,'Micheal Watkins','RM',45);
insert into foot.players(id,name,position,team_id) VALUES (492,'Kevin Cox','RM',45);
insert into foot.players(id,name,position,team_id) VALUES (493,'Carly Trevino','LWB',45);
insert into foot.players(id,name,position,team_id) VALUES (494,'Troy Duke','LW',45);
insert into foot.players(id,name,position,team_id) VALUES (495,'Joe Sanchez','LW',45);
insert into foot.players(id,name,position,team_id) VALUES (496,'Carol Duffy','CM',46);
insert into foot.players(id,name,position,team_id) VALUES (497,'Monica Thompson','AM',46);
insert into foot.players(id,name,position,team_id) VALUES (498,'Alexis Richards','CB',46);
insert into foot.players(id,name,position,team_id) VALUES (499,'Andrea Willis','RM',46);
insert into foot.players(id,name,position,team_id) VALUES (500,'Brandon Patton','LB',46);
insert into foot.players(id,name,position,team_id) VALUES (501,'Anna Cook','DM',46);
insert into foot.players(id,name,position,team_id) VALUES (502,'Nathan Edwards','CB',46);
insert into foot.players(id,name,position,team_id) VALUES (503,'Joshua Reynolds','RM',46);
insert into foot.players(id,name,position,team_id) VALUES (504,'Jeffrey Morrow','CM',46);
insert into foot.players(id,name,position,team_id) VALUES (505,'David Perry','CF',46);
insert into foot.players(id,name,position,team_id) VALUES (506,'Tara Gomez','CF',46);
insert into foot.players(id,name,position,team_id) VALUES (507,'Emily Galloway','CF',47);
insert into foot.players(id,name,position,team_id) VALUES (508,'Misty Montgomery','CB',47);
insert into foot.players(id,name,position,team_id) VALUES (509,'Cathy Becker','RWB',47);
insert into foot.players(id,name,position,team_id) VALUES (510,'Tammy Young','RWB',47);
insert into foot.players(id,name,position,team_id) VALUES (511,'Andrew Berry','CM',47);
insert into foot.players(id,name,position,team_id) VALUES (512,'Amanda Taylor','RWB',47);
insert into foot.players(id,name,position,team_id) VALUES (513,'Troy Robinson','AM',47);
insert into foot.players(id,name,position,team_id) VALUES (514,'Austin Morrow','LW',47);
insert into foot.players(id,name,position,team_id) VALUES (515,'Deborah Rogers','RW',47);
insert into foot.players(id,name,position,team_id) VALUES (516,'Todd Bennett','LW',47);
insert into foot.players(id,name,position,team_id) VALUES (517,'Amy Lopez','GK',47);
insert into foot.players(id,name,position,team_id) VALUES (518,'James Martin','AM',48);
insert into foot.players(id,name,position,team_id) VALUES (519,'Leslie Cisneros','SS',48);
insert into foot.players(id,name,position,team_id) VALUES (520,'Kelsey Wagner','RM',48);
insert into foot.players(id,name,position,team_id) VALUES (521,'Kristy Tate','CM',48);
insert into foot.players(id,name,position,team_id) VALUES (522,'Lindsay Stewart','RWB',48);
insert into foot.players(id,name,position,team_id) VALUES (523,'Nicholas Prince','LM',48);
insert into foot.players(id,name,position,team_id) VALUES (524,'Joshua Clarke','SW',48);
insert into foot.players(id,name,position,team_id) VALUES (525,'Thomas Schmidt','RB',48);
insert into foot.players(id,name,position,team_id) VALUES (526,'Natalie Martin','SW',48);
insert into foot.players(id,name,position,team_id) VALUES (527,'Daniel Wiley','SW',48);
insert into foot.players(id,name,position,team_id) VALUES (528,'Kim Johnson','RW',48);
insert into foot.players(id,name,position,team_id) VALUES (529,'Patricia Sims','DM',49);
insert into foot.players(id,name,position,team_id) VALUES (530,'Jason Ramirez','SW',49);
insert into foot.players(id,name,position,team_id) VALUES (531,'Matthew Rodriguez','CF',49);
insert into foot.players(id,name,position,team_id) VALUES (532,'Diana Odonnell','GK',49);
insert into foot.players(id,name,position,team_id) VALUES (533,'Jacob King','RB',49);
insert into foot.players(id,name,position,team_id) VALUES (534,'Jessica Simmons','RM',49);
insert into foot.players(id,name,position,team_id) VALUES (535,'Katelyn Castillo','AM',49);
insert into foot.players(id,name,position,team_id) VALUES (536,'James Wood','AM',49);
insert into foot.players(id,name,position,team_id) VALUES (537,'Jason Spence MD','AM',49);
insert into foot.players(id,name,position,team_id) VALUES (538,'Charles Bradley','RWB',49);
insert into foot.players(id,name,position,team_id) VALUES (539,'Tammy Bryant','LB',49);
insert into foot.players(id,name,position,team_id) VALUES (540,'Kevin Bush MD','LM',50);
insert into foot.players(id,name,position,team_id) VALUES (541,'Desiree Wilson','RB',50);
insert into foot.players(id,name,position,team_id) VALUES (542,'Rebecca Jimenez','SW',50);
insert into foot.players(id,name,position,team_id) VALUES (543,'Matthew Esparza','LWB',50);
insert into foot.players(id,name,position,team_id) VALUES (544,'Walter Brown','LWB',50);
insert into foot.players(id,name,position,team_id) VALUES (545,'Michael Friedman','DM',50);
insert into foot.players(id,name,position,team_id) VALUES (546,'Stacy Smith','DM',50);
insert into foot.players(id,name,position,team_id) VALUES (547,'Terri Kelly','RW',50);
insert into foot.players(id,name,position,team_id) VALUES (548,'Kerri Larson','SS',50);
insert into foot.players(id,name,position,team_id) VALUES (549,'Jessica Meyers','RB',50);
insert into foot.players(id,name,position,team_id) VALUES (550,'Michael Brown','SS',50);



--.import --csv --skip 1 matches.csv matches
insert into foot.matches(id,match_date,stadium_id,home_team_id,away_team_id,home_score,away_score) VALUES (1,'2024-01-01',46,46,30,3,5);
insert into foot.matches(id,match_date,stadium_id,home_team_id,away_team_id,home_score,away_score) VALUES (2,'2024-01-02',31,31,36,3,3);
insert into foot.matches(id,match_date,stadium_id,home_team_id,away_team_id,home_score,away_score) VALUES (3,'2024-01-03',25,25,27,1,0);
insert into foot.matches(id,match_date,stadium_id,home_team_id,away_team_id,home_score,away_score) VALUES (4,'2024-01-04',44,44,7,2,0);
insert into foot.matches(id,match_date,stadium_id,home_team_id,away_team_id,home_score,away_score) VALUES (5,'2024-01-05',43,43,3,5,5);
insert into foot.matches(id,match_date,stadium_id,home_team_id,away_team_id,home_score,away_score) VALUES (6,'2024-01-06',45,45,47,2,3);
insert into foot.matches(id,match_date,stadium_id,home_team_id,away_team_id,home_score,away_score) VALUES (7,'2024-01-07',17,17,19,0,0);
insert into foot.matches(id,match_date,stadium_id,home_team_id,away_team_id,home_score,away_score) VALUES (8,'2024-01-08',13,13,8,3,3);
insert into foot.matches(id,match_date,stadium_id,home_team_id,away_team_id,home_score,away_score) VALUES (9,'2024-01-09',13,13,4,4,5);
insert into foot.matches(id,match_date,stadium_id,home_team_id,away_team_id,home_score,away_score) VALUES (10,'2024-01-10',30,30,9,2,0);
insert into foot.matches(id,match_date,stadium_id,home_team_id,away_team_id,home_score,away_score) VALUES (11,'2024-01-11',2,2,44,4,5);
insert into foot.matches(id,match_date,stadium_id,home_team_id,away_team_id,home_score,away_score) VALUES (12,'2024-01-12',19,19,5,3,1);
insert into foot.matches(id,match_date,stadium_id,home_team_id,away_team_id,home_score,away_score) VALUES (13,'2024-01-13',26,26,24,5,1);
insert into foot.matches(id,match_date,stadium_id,home_team_id,away_team_id,home_score,away_score) VALUES (14,'2024-01-14',27,27,1,0,4);
insert into foot.matches(id,match_date,stadium_id,home_team_id,away_team_id,home_score,away_score) VALUES (15,'2024-01-15',36,36,2,1,0);
insert into foot.matches(id,match_date,stadium_id,home_team_id,away_team_id,home_score,away_score) VALUES (16,'2024-01-16',2,2,16,0,2);
insert into foot.matches(id,match_date,stadium_id,home_team_id,away_team_id,home_score,away_score) VALUES (17,'2024-01-17',24,24,47,3,4);
insert into foot.matches(id,match_date,stadium_id,home_team_id,away_team_id,home_score,away_score) VALUES (18,'2024-01-18',31,31,22,4,5);
insert into foot.matches(id,match_date,stadium_id,home_team_id,away_team_id,home_score,away_score) VALUES (19,'2024-01-19',7,7,16,2,3);
insert into foot.matches(id,match_date,stadium_id,home_team_id,away_team_id,home_score,away_score) VALUES (20,'2024-01-20',38,38,19,2,0);
insert into foot.matches(id,match_date,stadium_id,home_team_id,away_team_id,home_score,away_score) VALUES (21,'2024-01-21',2,2,7,0,0);
insert into foot.matches(id,match_date,stadium_id,home_team_id,away_team_id,home_score,away_score) VALUES (22,'2024-01-22',22,22,47,3,2);
insert into foot.matches(id,match_date,stadium_id,home_team_id,away_team_id,home_score,away_score) VALUES (23,'2024-01-23',27,27,23,2,3);
insert into foot.matches(id,match_date,stadium_id,home_team_id,away_team_id,home_score,away_score) VALUES (24,'2024-01-24',43,43,9,4,5);
insert into foot.matches(id,match_date,stadium_id,home_team_id,away_team_id,home_score,away_score) VALUES (25,'2024-01-25',41,41,21,0,4);



--.import --csv --skip 1 goals.csv goals
insert into foot.goals(id,match_id,player_id,minute) VALUES (1,15,274,75);
insert into foot.goals(id,match_id,player_id,minute) VALUES (2,11,301,36);
insert into foot.goals(id,match_id,player_id,minute) VALUES (3,11,155,65);
insert into foot.goals(id,match_id,player_id,minute) VALUES (4,17,498,51);
insert into foot.goals(id,match_id,player_id,minute) VALUES (5,16,83,105);
insert into foot.goals(id,match_id,player_id,minute) VALUES (6,25,293,47);
insert into foot.goals(id,match_id,player_id,minute) VALUES (7,22,156,5);
insert into foot.goals(id,match_id,player_id,minute) VALUES (8,23,110,9);
insert into foot.goals(id,match_id,player_id,minute) VALUES (9,22,156,66);
insert into foot.goals(id,match_id,player_id,minute) VALUES (10,17,107,53);
insert into foot.goals(id,match_id,player_id,minute) VALUES (11,8,443,106);
insert into foot.goals(id,match_id,player_id,minute) VALUES (12,16,186,24);
insert into foot.goals(id,match_id,player_id,minute) VALUES (13,22,264,20);
insert into foot.goals(id,match_id,player_id,minute) VALUES (14,8,223,69);
insert into foot.goals(id,match_id,player_id,minute) VALUES (15,13,19,23);
insert into foot.goals(id,match_id,player_id,minute) VALUES (16,12,256,37);
insert into foot.goals(id,match_id,player_id,minute) VALUES (17,1,243,59);
insert into foot.goals(id,match_id,player_id,minute) VALUES (18,12,9,95);
insert into foot.goals(id,match_id,player_id,minute) VALUES (19,24,74,88);
insert into foot.goals(id,match_id,player_id,minute) VALUES (20,5,549,57);
insert into foot.goals(id,match_id,player_id,minute) VALUES (21,25,310,31);
insert into foot.goals(id,match_id,player_id,minute) VALUES (22,9,156,56);
insert into foot.goals(id,match_id,player_id,minute) VALUES (23,8,55,58);
insert into foot.goals(id,match_id,player_id,minute) VALUES (24,15,236,91);
insert into foot.goals(id,match_id,player_id,minute) VALUES (25,10,107,71);
insert into foot.goals(id,match_id,player_id,minute) VALUES (26,4,301,102);
insert into foot.goals(id,match_id,player_id,minute) VALUES (27,12,39,118);
insert into foot.goals(id,match_id,player_id,minute) VALUES (28,23,268,50);
insert into foot.goals(id,match_id,player_id,minute) VALUES (29,24,311,22);
insert into foot.goals(id,match_id,player_id,minute) VALUES (30,24,138,59);
insert into foot.goals(id,match_id,player_id,minute) VALUES (31,25,466,104);
insert into foot.goals(id,match_id,player_id,minute) VALUES (32,17,286,95);
insert into foot.goals(id,match_id,player_id,minute) VALUES (33,7,169,67);
insert into foot.goals(id,match_id,player_id,minute) VALUES (34,20,534,28);
insert into foot.goals(id,match_id,player_id,minute) VALUES (35,3,387,110);
insert into foot.goals(id,match_id,player_id,minute) VALUES (36,2,234,35);
insert into foot.goals(id,match_id,player_id,minute) VALUES (37,21,144,72);
insert into foot.goals(id,match_id,player_id,minute) VALUES (38,1,69,76);
insert into foot.goals(id,match_id,player_id,minute) VALUES (39,2,166,61);
insert into foot.goals(id,match_id,player_id,minute) VALUES (40,24,209,112);
insert into foot.goals(id,match_id,player_id,minute) VALUES (41,24,276,116);
insert into foot.goals(id,match_id,player_id,minute) VALUES (42,14,288,99);
insert into foot.goals(id,match_id,player_id,minute) VALUES (43,20,352,35);
insert into foot.goals(id,match_id,player_id,minute) VALUES (44,20,79,93);
insert into foot.goals(id,match_id,player_id,minute) VALUES (45,11,518,99);
insert into foot.goals(id,match_id,player_id,minute) VALUES (46,11,545,105);
insert into foot.goals(id,match_id,player_id,minute) VALUES (47,9,116,96);
insert into foot.goals(id,match_id,player_id,minute) VALUES (48,12,291,86);
insert into foot.goals(id,match_id,player_id,minute) VALUES (49,24,60,99);
insert into foot.goals(id,match_id,player_id,minute) VALUES (50,11,453,89);
insert into foot.goals(id,match_id,player_id,minute) VALUES (51,18,240,62);
insert into foot.goals(id,match_id,player_id,minute) VALUES (52,1,309,105);
insert into foot.goals(id,match_id,player_id,minute) VALUES (53,10,276,67);
insert into foot.goals(id,match_id,player_id,minute) VALUES (54,22,336,38);
insert into foot.goals(id,match_id,player_id,minute) VALUES (55,10,348,96);
insert into foot.goals(id,match_id,player_id,minute) VALUES (56,14,29,45);
insert into foot.goals(id,match_id,player_id,minute) VALUES (57,16,196,48);
insert into foot.goals(id,match_id,player_id,minute) VALUES (58,11,78,111);
insert into foot.goals(id,match_id,player_id,minute) VALUES (59,13,191,3);
insert into foot.goals(id,match_id,player_id,minute) VALUES (60,22,288,55);
insert into foot.goals(id,match_id,player_id,minute) VALUES (61,20,235,8);
insert into foot.goals(id,match_id,player_id,minute) VALUES (62,21,321,118);
insert into foot.goals(id,match_id,player_id,minute) VALUES (63,21,159,59);
insert into foot.goals(id,match_id,player_id,minute) VALUES (64,12,28,116);
insert into foot.goals(id,match_id,player_id,minute) VALUES (65,14,182,101);
insert into foot.goals(id,match_id,player_id,minute) VALUES (66,12,149,62);
insert into foot.goals(id,match_id,player_id,minute) VALUES (67,24,106,120);
insert into foot.goals(id,match_id,player_id,minute) VALUES (68,17,45,88);
insert into foot.goals(id,match_id,player_id,minute) VALUES (69,6,384,5);
insert into foot.goals(id,match_id,player_id,minute) VALUES (70,13,169,89);
insert into foot.goals(id,match_id,player_id,minute) VALUES (71,9,184,64);
insert into foot.goals(id,match_id,player_id,minute) VALUES (72,15,42,4);
insert into foot.goals(id,match_id,player_id,minute) VALUES (73,12,515,112);
insert into foot.goals(id,match_id,player_id,minute) VALUES (74,13,98,39);
insert into foot.goals(id,match_id,player_id,minute) VALUES (75,16,21,31);




--.import --csv --skip 1 cards.csv cards
insert into foot.cards(id,match_id,player_id,card_type,minute) VALUES (1,16,181,'yellow',9);
insert into foot.cards(id,match_id,player_id,card_type,minute) VALUES (2,10,144,'yellow',114);
insert into foot.cards(id,match_id,player_id,card_type,minute) VALUES (3,20,260,'yellow',108);
insert into foot.cards(id,match_id,player_id,card_type,minute) VALUES (4,12,336,'yellow',83);
insert into foot.cards(id,match_id,player_id,card_type,minute) VALUES (5,6,104,'red',10);
insert into foot.cards(id,match_id,player_id,card_type,minute) VALUES (6,19,432,'red',8);
insert into foot.cards(id,match_id,player_id,card_type,minute) VALUES (7,7,99,'red',119);
insert into foot.cards(id,match_id,player_id,card_type,minute) VALUES (8,11,159,'yellow',51);
insert into foot.cards(id,match_id,player_id,card_type,minute) VALUES (9,1,80,'red',21);
insert into foot.cards(id,match_id,player_id,card_type,minute) VALUES (10,2,247,'red',73);
insert into foot.cards(id,match_id,player_id,card_type,minute) VALUES (11,7,2,'red',66);
insert into foot.cards(id,match_id,player_id,card_type,minute) VALUES (12,6,101,'yellow',11);
insert into foot.cards(id,match_id,player_id,card_type,minute) VALUES (13,6,6,'yellow',75);
insert into foot.cards(id,match_id,player_id,card_type,minute) VALUES (14,22,448,'yellow',14);
insert into foot.cards(id,match_id,player_id,card_type,minute) VALUES (15,1,537,'red',87);






